{
  "formatVersion": 1,
  "database": {
    "version": 1,
    "identityHash": "92aeee14995c8c042f93471585e31b30",
    "entities": [
      {
        "tableName": "running_table",
        "createSql": "CREATE TABLE IF NOT EXISTS `${TABLE_NAME}` (`img` BLOB, `timestamp` INTEGER NOT NULL, `avgSpeedInKMH` REAL NOT NULL, `distanceInMeters` INTEGER NOT NULL, `timeInMillis` INTEGER NOT NULL, `caloriesBurn` INTEGER NOT NULL, `id` INTEGER PRIMARY KEY AUTOINCREMENT)",
        "fields": [
          {
            "fieldPath": "img",
            "columnName": "img",
            "affinity": "BLOB",
            "notNull": false
          },
          {
            "fieldPath": "timestamp",
            "columnName": "timestamp",
            "affinity": "INTEGER",
            "notNull": true
          },
          {
            "fieldPath": "avgSpeedInKMH",
            "columnName": "avgSpeedInKMH",
            "affinity": "REAL",
            "notNull": true
          },
          {
            "fieldPath": "distanceInMeters",
            "columnName": "distanceInMeters",
            "affinity": "INTEGER",
            "notNull": true
          },
          {
            "fieldPath": "timeInMillis",
            "columnName": "timeInMillis",
            "affinity": "INTEGER",
            "notNull": true
          },
          {
            "fieldPath": "caloriesBurn",
            "columnName": "caloriesBurn",
            "affinity": "INTEGER",
            "notNull": true
          },
          {
            "fieldPath": "id",
            "columnName": "id",
            "affinity": "INTEGER",
            "notNull": false
          }
        ],
        "primaryKey": {
          "autoGenerate": true,
          "columnNames": [
            "id"
          ]
        },
        "indices": [],
        "foreignKeys": []
      }
    ],
    "views": [],
    "setupQueries": [
      "CREATE TABLE IF NOT EXISTS room_master_table (id INTEGER PRIMARY KEY,identity_hash TEXT)",
      "INSERT OR REPLACE INTO room_master_table (id,identity_hash) VALUES(42, '92aeee14995c8c042f93471585e31b30')"
    ]
  }
}